{
    "Calculator": {
        "name": "Calculator",
        "description": "A calculator tool. The input must be a single Python expression and you cannot import packages. You can use functions in the `math` package without import.",
        "inputs": [
            {
                "type": "text",
                "name": "expression",
                "description": null,
                "optional": false,
                "default": null,
                "filetype": null
            }
        ],
        "outputs": [
            {
                "type": "text",
                "name": null,
                "description": null,
                "optional": false,
                "default": null,
                "filetype": null
            }
        ]
    },
    "OCR": {
        "name": "OCR",
        "description": "This tool can recognize all text on the input image.",
        "inputs": [
            {
                "type": "image",
                "name": "image",
                "description": null,
                "optional": false,
                "default": null,
                "filetype": null
            }
        ],
        "outputs": [
            {
                "type": "text",
                "name": null,
                "description": "OCR results, include bbox in x1, y1, x2, y2 format and the recognized text.",
                "optional": false,
                "default": null,
                "filetype": null
            }
        ]
    },
    "CountGivenObject": {
        "name": "CountGivenObject",
        "description": "The tool can count the number of a certain object in the image.",
        "inputs": [
            {
                "type": "image",
                "name": "image",
                "description": null,
                "optional": false,
                "default": null,
                "filetype": null
            },
            {
                "type": "text",
                "name": "text",
                "description": "The object description in English.",
                "optional": false,
                "default": null,
                "filetype": null
            }
        ],
        "outputs": [
            {
                "type": "int",
                "name": null,
                "description": null,
                "optional": false,
                "default": null,
                "filetype": null
            }
        ]
    },
    "ImageDescription": {
        "name": "ImageDescription",
        "description": "A useful tool that returns a brief description of the input image.",
        "inputs": [
            {
                "type": "image",
                "name": "image",
                "description": null,
                "optional": false,
                "default": null,
                "filetype": null
            }
        ],
        "outputs": [
            {
                "type": "text",
                "name": null,
                "description": null,
                "optional": false,
                "default": null,
                "filetype": null
            }
        ]
    },
    "GoogleSearch": {
        "name": "GoogleSearch",
        "description": "The tool can search the input query text from Google and return the related results.",
        "inputs": [
            {
                "type": "text",
                "name": "query",
                "description": null,
                "optional": false,
                "default": null,
                "filetype": null
            },
            {
                "type": "int",
                "name": "k",
                "description": "Select the first k results",
                "optional": true,
                "default": 10,
                "filetype": null
            }
        ],
        "outputs": [
            {
                "type": "text",
                "name": null,
                "description": null,
                "optional": false,
                "default": null,
                "filetype": null
            }
        ]
    },
    "RegionAttributeDescription": {
        "name": "RegionAttributeDescription",
        "description": "Describe the attribute of a region of the input image.",
        "inputs": [
            {
                "type": "image",
                "name": "image",
                "description": null,
                "optional": false,
                "default": null,
                "filetype": null
            },
            {
                "type": "text",
                "name": "bbox",
                "description": "The bbox coordinate in the format of `(x1, y1, x2, y2)`",
                "optional": false,
                "default": null,
                "filetype": null
            },
            {
                "type": "text",
                "name": "attribute",
                "description": "The attribute to describe",
                "optional": false,
                "default": null,
                "filetype": null
            }
        ],
        "outputs": [
            {
                "type": "text",
                "name": null,
                "description": null,
                "optional": false,
                "default": null,
                "filetype": null
            }
        ]
    },
    "TextToBbox": {
        "name": "TextToBbox",
        "description": "The tool can detect the object location according to description.",
        "inputs": [
            {
                "type": "image",
                "name": "image",
                "description": null,
                "optional": false,
                "default": null,
                "filetype": null
            },
            {
                "type": "text",
                "name": "text",
                "description": "The object description in English.",
                "optional": false,
                "default": null,
                "filetype": null
            },
            {
                "type": "bool",
                "name": "top1",
                "description": "If true, return the object with highest score. If false, return all detected objects.",
                "optional": true,
                "default": true,
                "filetype": null
            }
        ],
        "outputs": [
            {
                "type": "text",
                "name": null,
                "description": "Detected objects, include bbox in (x1, y1, x2, y2) format, and detection score.",
                "optional": false,
                "default": null,
                "filetype": null
            }
        ]
    },
    "Plot": {
        "name": "Plot",
        "description": "This tool can execute Python code to plot diagrams. The code should include a function named 'solution'. The function should return the matplotlib figure directly. Avoid printing the answer. The code instance format is as follows:\n\n```python\n# import packages\nimport matplotlib.pyplot as plt\ndef solution():\n    # labels and data\n    cars = ['AUDI', 'BMW', 'FORD', 'TESLA', 'JAGUAR', 'MERCEDES']\n    data = [23, 17, 35, 29, 12, 41]\n\n    # draw diagrams\n    figure = plt.figure(figsize=(8, 6))\n    plt.pie(data, labels=cars, autopct='%1.1f%%', startangle=140)\n    plt.axis('equal')\n    plt.title('Car Distribution')\n    return figure\n```",
        "inputs": [
            {
                "type": "text",
                "name": "command",
                "description": "Markdown format Python code",
                "optional": false,
                "default": null,
                "filetype": null
            }
        ],
        "outputs": [
            {
                "type": "image",
                "name": null,
                "description": null,
                "optional": false,
                "default": null,
                "filetype": null
            }
        ]
    },
    "MathOCR": {
        "name": "MathOCR",
        "description": "This tool can recognize math expressions from an image and return the latex style expression.",
        "inputs": [
            {
                "type": "image",
                "name": "image",
                "description": null,
                "optional": false,
                "default": null,
                "filetype": null
            }
        ],
        "outputs": [
            {
                "type": "text",
                "name": null,
                "description": null,
                "optional": false,
                "default": null,
                "filetype": null
            }
        ]
    },
    "Solver": {
        "name": "Solver",
        "description": "This tool can execute Python code to solve math equations. The code should include a function named 'solution'. You should use the `sympy` library in your code to solve the equations. The function should return its answer in str format. Avoid printing the answer. The code instance format is as follows:\n\n```python\n# import packages\nfrom sympy import symbols, Eq, solve\ndef solution():\n    # Define symbols\n    x, y = symbols('x y')\n\n    # Define equations\n    equation1 = Eq(x**2 + y**2, 20)\n    equation2 = Eq(x**2 - 5*x*y + 6*y**2, 0)\n\n    # Solve the system of equations\n    solutions = solve((equation1, equation2), (x, y), dict=True)\n\n    # Return solutions as strings\n    return str(solutions)\n```",
        "inputs": [
            {
                "type": "text",
                "name": "command",
                "description": "Markdown format Python code",
                "optional": false,
                "default": null,
                "filetype": null
            }
        ],
        "outputs": [
            {
                "type": "text",
                "name": null,
                "description": null,
                "optional": false,
                "default": null,
                "filetype": null
            }
        ]
    },
    "DrawBox": {
        "name": "DrawBox",
        "description": "A tool to draw a box on a certain region of the input image.",
        "inputs": [
            {
                "type": "image",
                "name": "image",
                "description": null,
                "optional": false,
                "default": null,
                "filetype": null
            },
            {
                "type": "text",
                "name": "bbox",
                "description": "The bbox coordinate in the format of `(x1, y1, x2, y2)`",
                "optional": false,
                "default": null,
                "filetype": null
            },
            {
                "type": "text",
                "name": "annotation",
                "description": "The extra annotation text of the bbox",
                "optional": true,
                "default": null,
                "filetype": null
            }
        ],
        "outputs": [
            {
                "type": "image",
                "name": null,
                "description": null,
                "optional": false,
                "default": null,
                "filetype": null
            }
        ]
    },
    "AddText": {
        "name": "AddText",
        "description": "A tool to draw a box on a certain region of the input image.",
        "inputs": [
            {
                "type": "image",
                "name": "image",
                "description": null,
                "optional": false,
                "default": null,
                "filetype": null
            },
            {
                "type": "text",
                "name": "text",
                "description": null,
                "optional": false,
                "default": null,
                "filetype": null
            },
            {
                "type": "text",
                "name": "position",
                "description": "The left-bottom corner coordinate in the format of `(x, y)`, or a combination of [\"l\"(left), \"m\"(middle), \"r\"(right)] and [\"t\"(top), \"m\"(middle), \"b\"(bottom)] like \"mt\" for middle-top",
                "optional": false,
                "default": null,
                "filetype": null
            },
            {
                "type": "text",
                "name": "color",
                "description": null,
                "optional": true,
                "default": "red",
                "filetype": null
            }
        ],
        "outputs": [
            {
                "type": "image",
                "name": null,
                "description": null,
                "optional": false,
                "default": null,
                "filetype": null
            }
        ]
    },
    "TextToImage": {
        "name": "TextToImage",
        "description": "This tool can generate an image according to the input text.",
        "inputs": [
            {
                "type": "text",
                "name": "keywords",
                "description": "A series of keywords separated by comma.",
                "optional": false,
                "default": null,
                "filetype": null
            }
        ],
        "outputs": [
            {
                "type": "image",
                "name": null,
                "description": null,
                "optional": false,
                "default": null,
                "filetype": null
            }
        ]
    },
    "ImageStylization": {
        "name": "ImageStylization",
        "description": "This tool can modify the input image according to the input instruction. Here are some example instructions: \"turn him into cyborg\", \"add fireworks to the sky\", \"make his jacket out of leather\".",
        "inputs": [
            {
                "type": "image",
                "name": "image",
                "description": null,
                "optional": false,
                "default": null,
                "filetype": null
            },
            {
                "type": "text",
                "name": "instruction",
                "description": null,
                "optional": false,
                "default": null,
                "filetype": null
            }
        ],
        "outputs": [
            {
                "type": "image",
                "name": null,
                "description": null,
                "optional": false,
                "default": null,
                "filetype": null
            }
        ]
    }
}